{
    "rmse": 0.6782059386191343,
    "mae": 0.5398745337479209,
    "r2": 0.26181464423325174
}